order_id,date,model,brand,release_year,price,region,customer_review,ram,storage,color
ORD1000,2025-08-31,Huawei Pura 70 Pro,Huawei,2024,-899,Oceania,Everybody give cup last newspaper garden long stock.,8,512,Emerald Green
ORD1001,2024-03-26,Xiaomi Mix Fold 4,Xiaomi,2024,1199,North America,Another argue huge major floor bit theory future lay check exist political director.,8,512,Yellow
ORD1002,2024-09-24,Realme 14 Pro,Realme,2024,449,South America,Marriage record politics station prevent this person difference top catch city prevent wide.,6,64,Blue
ORD1003,2025-05-18,Vivo S19 Pro,Vivo,2024,449,Africa,Score radio ability yet respond process prepare center claim.,6,256,Orange
ORD1004,2024-02-13,Huawei Pura 70 Pro,Huawei,2024,899,Asia,Newspaper perhaps total election standard business what better leg everything explain always similar.,12,256,Emerald Green
ORD1005,2024-03-14,iPhone 16 Pro Max,Apple,2024,1199,Africa,Move use strong analysis pull personal its action expect wear run.,8,128,Desert Titanium
ORD1006,2024-02-06,Moto E14,Motorola,2025,149,South America,Act down develop military prepare newspaper network animal.,6,128,Black
ORD1007,2024-04-26,Vivo X200,Vivo,2025,699,Asia,About city I value himself call and only beautiful suggest represent always camera.,6,256,Blue
ORD1008,2024-04-15,Oppo Find N2 Flip,Oppo,2023,899,Oceania,First administration image paper soon instead television involve rich think TV game.,8,256,Black
ORD1009,2024-09-14,Vivo Y28,Vivo,2025,199,Africa,Instead member focus glass suggest certain clearly.,6,128,Black
ORD1010,2025-01-06,Xiaomi 15,Xiaomi,2025,699,South America,Raise sound religious assume everybody trade say.,6,64,White
ORD1011,2024-06-11,Huawei Mate 60 Pro,Huawei,2023,899,Oceania,Enter above decision benefit rise I yourself structure add condition.,12,256,Emerald Green
ORD1012,2025-06-23,,Motorola,2025,999,Africa,West evening help various month exactly animal when wish him.,12,256,Peach Fuzz
ORD1013,2025-01-08,Honor X9b,Honor,2024,349,North America,Former rate moment onto among behavior garden direction manager.,6,64,Black
ORD1014,2025-06-09,Oppo Find X8,Oppo,2025,799,Asia,Trouble culture east teacher special peace question page.,12,256,Silver
ORD1015,2024-10-28,Huawei Mate 70 Pro,Huawei,2025,999,North America,Within end across first name question want phone.,12,-128,N/A
ORD1016,2025-02-12,Huawei Pura 70 Ultra,Huawei,2024,1199,Oceania,Third seek money democratic last rise.,12,128,White
ORD1017,2025-09-04,Vivo V40,Vivo,2024,499,North America,Star dream dog company cover ok size wind operation security I begin imagine.,0,128,Blue
ORD1018,2024-11-18,,Oppo,2024,249,South America,Authority grow sing point save large but high.,6,64,Green
ORD1019,2024-08-21,Galaxy S25 Edge,Samsung,2025,899,North America,Interview evening step both have else live.,12,-128,
ORD1020,2024-04-13,Vivo iQOO Neo9,Vivo,2024,399,South America,Even young former position authority level quickly teacher consumer power coach tend.,6,128,Blue
ORD1021,2025-07-01,Vivo X200 Ultra,Vivo,2025,999,South America,Its when head participant challenge treatment ready final while.,8,512,Blue
ORD1022,2024-10-22,Pixel 10,Google,2025,799,South America,Actually high go money early its get.,8,256,Obsidian
ORD1023,2024-10-22,Vivo X200 Pro,Vivo,2025,899,Africa,Year Mrs expect hotel seat always her learn push east number natural.,12,-128,N/A
ORD1024,2025-01-12,Motorola Razr Ultra,Motorola,2025,999,Oceania,Moment city area check price respond future show week deep along.,12,256,Green
ORD1025,2025-07-28,Realme P4,Realme,2025,299,Africa,Lot follow expect fall Congress mouth pass perhaps force never.,4,128,Blue
ORD1026,2024-02-02,,Realme,2025,299,Africa,Culture however company brother story mission draw my.,6,128,Blue
ORD1027,2024-12-23,iPhone 16 Pro Max,Apple,2024,1199,Europe,World health computer body thing time safe.,8,512,Titanium Black
ORD1028,2025-05-03,Vivo iQOO Neo9,Vivo,2024,399,North America,Trip Mr interest always place charge general three sing buy agency class.,6,64,Orange
ORD1029,2024-08-15,Moto G Power 2025,Motorola,2025,299,Asia,Player tree nature the consider like.,6,128,Peach Fuzz
ORD1030,2024-04-13,Poco X7 Pro,Xiaomi,2025,499,Oceania,Describe school hour scene room final.,8,128,Black
ORD1031,2024-09-21,Honor 200 Pro,Honor,2024,599,South America,Laugh foreign best rise central financial new lay few.,6,64,Purple
ORD1032,2024-05-14,Pixel 9 Pro,Google,2024,999,Asia,A before seek position throughout night agency federal whom.,8,512,Hazel
ORD1033,2024-08-06,Oppo Reno 12 Pro,Oppo,2024,449,North America,Protect television already quality itself risk guess investment.,6,64,Silver
ORD1034,2024-12-24,Galaxy S25 Ultra,Samsung,2025,1299,North America,Capital every law key admit throughout.,8,128,Burgundy
ORD1035,2025-08-07,Pixel 10 Pro,Google,2025,999,North America,Start not wall movement front difficult responsibility issue movie the.,8,512,Obsidian
ORD1036,2024-05-16,iPhone 15,Apple,2023,699,Europe,Expect you matter onto out beyond do spring.,6,128,Desert Titanium
ORD1037,2024-11-26,Huawei Nova 13 Pro,Huawei,2025,499,Africa,Age personal worker red or meet sport.,6,128,Black
ORD1038,2024-04-15,Realme P3,Realme,2025,249,Oceania,How floor successful research president entire theory reason including both tree explain.,4,64,Blue
ORD1039,2024-04-24,Galaxy A36,Samsung,2025,349,Asia,Pass little own growth price compare under industry summer east establish really than.,6,128,Green
ORD1040,2025-08-27,Poco X7,Xiaomi,2025,399,Oceania,Song design few concern executive person long area less wrong just street ok.,6,64,White
ORD1041,2025-01-12,iPhone 16,Apple,2024,799,Africa,Teacher plan rich national amount least performance I team quality.,8,1024,Titanium White
ORD1042,2025-07-13,Xiaomi 15,Xiaomi,2025,699,Europe,Reflect peace voice represent economy adult watch.,8,128,White
ORD1043,2024-05-20,Huawei Mate 70,Huawei,2025,799,North America,Feeling hour laugh pick measure center address or candidate bring case kid.,8,256,White
ORD1044,2024-10-21,,Apple,2024,899,Oceania,Pay through course near among citizen develop.,8,1024,Desert Titanium
ORD1045,2025-04-17,Vivo X200 Ultra,Vivo,2025,999,Oceania,Southern involve second control interest then total indeed language.,8,0,
ORD1046,2024-06-30,Oppo A3 Pro,Oppo,2024,299,South America,Some score team religious top class day give rock.,6,128,Black
ORD1047,2024-07-10,Realme P3,Realme,2025,249,Asia,Third idea young support hit trip few risk summer teach.,4,128,Black
ORD1048,2024-01-31,Redmi Note 14 Pro,Xiaomi,2025,349,South America,Pull join agency court defense great news watch however buy fish fall seven.,6,64,Black
ORD1049,2024-07-08,Oppo Find N2 Flip,Oppo,2023,899,North America,Process really institution technology forget away worry away as practice television there.,8,128,Black
ORD1050,2024-11-11,Honor 200 Pro,Honor,2024,599,North America,Shoulder money behavior nice wonder drop then particular.,8,64,Blue
ORD1051,2024-01-28,iPhone 14,Apple,2022,599,Oceania,Land test building under likely road ok find.,8,256,Desert Titanium
ORD1052,2025-03-10,Realme 15 Pro,Realme,2025,499,North America,South wear toward material be suddenly free note notice eye.,8,64,Black
ORD1053,2024-02-18,Galaxy S25 FE,Samsung,2025,599,Europe,Now customer sort design few close great huge spring.,8,256,Phantom Black
ORD1054,2024-01-27,Vivo S19 Pro,Vivo,2024,449,South America,Citizen mean garden themselves west involve event down fly most.,6,64,Blue
ORD1055,2024-04-18,Realme GT 6,Realme,2024,549,Oceania,Positive guy give wait contain bit weight dinner recently.,8,256,Yellow
ORD1056,2024-02-16,Oppo K12,Oppo,2024,249,Oceania,Truth technology this maintain tough whom voice admit cell try off politics.,6,128,Green
ORD1057,2025-07-11,Pixel 9 Pro,Google,2024,999,Asia,Me machine voice evening executive chance attention loss.,12,128,Porcelain
ORD1058,2025-05-04,iPhone 15,Apple,2023,699,Oceania,Suggest care nice say assume see according you result.,8,128,Blue Titanium
ORD1059,2024-02-01,Pixel 9a,Google,2025,499,Africa,Term rule indeed decide onto degree democratic try.,8,256,Hazel
ORD1060,2024-12-13,Honor 200,Honor,2024,499,Africa,Success church head partner on space likely Mr discussion by.,8,64,Blue
ORD1061,2024-11-12,Xiaomi 15 Ultra,Xiaomi,2025,-999,North America,Peace black will under keep who us nor government yourself.,8,128,Blue
ORD1062,2025-07-11,Xiaomi 15,Xiaomi,2025,699,Oceania,Wind measure situation no stand speech.,6,64,White
ORD1063,2024-02-01,Galaxy Z Flip7,Samsung,2025,999,Africa,Now though research everybody from put no rise would pick.,8,256,Burgundy
ORD1064,2025-04-04,Honor 200,Honor,2024,499,Oceania,Color scene they thank dream most ability vote sure different.,6,64,Purple
ORD1065,2024-02-15,iPhone 15,Apple,2023,699,South America,Develop care art word assume next of soon board sister improve central.,8,256,Desert Titanium
ORD1066,2024-05-05,Realme Narzo 70 Pro,Realme,2024,249,Europe,Mrs third market share environmental remain serve community.,4,128,Black
ORD1067,2024-11-11,Xiaomi 14T Pro,Xiaomi,2024,649,Asia,Great game six car board answer these example.,6,0,N/A
ORD1068,2025-01-16,Honor Magic 7 Pro,Honor,2025,-899,Asia,Write red rather age red model create left whatever.,8,128,Blue
ORD1069,2025-06-02,Moto E14,Motorola,2025,149,Europe,Say most happen subject test local fund success second son spend Republican.,6,64,Peach Fuzz
ORD1070,2024-05-02,Huawei Mate Fold X5,Huawei,2025,1799,Europe,Speak alone difference blood lawyer body national property imagine open most what set.,12,128,White
ORD1071,2025-01-20,Xiaomi 14 Ultra,Xiaomi,2024,999,North America,Middle huge body street group building each material hand really.,12,128,Blue
ORD1072,2024-01-16,Realme 14 Pro,Realme,2024,449,South America,Light central impact late knowledge black concern girl build his language successful.,6,64,Black
ORD1073,2024-02-14,Moto E14,Motorola,2025,149,Oceania,Never want process road various hour challenge ready throw boy newspaper.,6,128,Black
ORD1074,2025-03-11,Realme GT 7,Realme,2025,599,Africa,Manager read explain compare always federal not which health defense interesting stand toward.,8,64,Blue
ORD1075,2024-07-31,Poco X7,Xiaomi,2025,399,South America,Decide quickly specific save central window result as style particular move yeah.,6,64,Blue
ORD1076,2024-06-28,Xiaomi 15 Pro,Xiaomi,2025,799,Asia,Everything recently affect campaign lay inside parent can yes.,8,128,Blue
ORD1077,2024-08-22,Motorola Razr 2025,Motorola,2025,699,Europe,Difference action challenge employee assume enter.,6,64,Peach Fuzz
ORD1078,2024-02-17,Huawei Enjoy 70,Huawei,2024,199,North America,Require clear whole style say turn phone themselves send year trial my.,6,128,Emerald Green
ORD1079,2025-08-12,Oppo Reno 12 Pro,Oppo,2024,449,North America,Within star benefit tend along shake help throw rise leader like actually rule.,6,128,Black
ORD1080,2024-03-15,Oppo Find N5,Oppo,2025,1299,Oceania,Professor sing stage most chance contain always central event tonight.,8,128,Black
ORD1081,2025-02-15,Moto G Power 2025,Motorola,2025,299,South America,Opportunity value like culture easy bit few kind act parent million.,6,64,Black
ORD1082,2025-06-21,Motorola Edge 2025,Motorola,2025,549,Asia,She support Mr conference bad center my.,6,64,Green
ORD1083,2024-02-22,Huawei Pura 70,Huawei,2024,799,Asia,Water central talk something main see change enjoy avoid provide kind call.,8,256,Black
ORD1084,2025-05-31,,Samsung,2025,1899,Africa,From difficult success admit brother player rate process concern capital.,16,1024,Green
ORD1085,2024-08-12,Honor Magic 7,Honor,2025,699,Europe,Say significant drop very reveal suddenly.,8,128,Purple
ORD1086,2025-03-05,Moto G Power 2025,Motorola,2025,-299,Africa,Part base relate necessary hear send build station relate office.,4,128,Black
ORD1087,2025-02-01,Motorola Edge 2025,Motorola,2025,549,North America,Keep shoulder plant happen become picture half air lead blue sister upon only.,8,256,Green
ORD1088,2024-01-29,Motorola Edge 60 Pro,Motorola,2025,699,North America,Structure unit class stock development increase agreement.,8,64,Green
ORD1089,2025-04-07,Galaxy S25+,Samsung,2025,999,South America,Happy house our general size something subject water consider.,16,256,Burgundy
ORD1090,2024-02-03,Galaxy S25 Ultra,Samsung,2025,1299,Europe,Maybe red alone drug these voice hand.,12,128,Green
ORD1091,2024-04-09,Oppo Reno 12 FS,Oppo,2024,349,Africa,Far imagine now traditional business stop address specific his city class.,6,64,Green
ORD1092,2025-01-25,Vivo Y200,Vivo,2025,299,North America,Night father production future investment order.,6,128,Blue
ORD1093,2024-01-08,Realme Narzo 70 Pro,Realme,2024,249,North America,About management more thus three community end blue arrive amount production.,6,128,Black
ORD1094,2024-05-10,Galaxy S25 FE,Samsung,2025,599,Asia,Boy fine themselves blue establish hour stop board.,6,64,Burgundy
ORD1095,2025-01-08,Vivo Y28,Vivo,2025,199,Europe,Member player major arm strong increase effect attention she night that able expect.,6,64,Blue
ORD1096,2024-11-15,Pixel 9 Pro,Google,2024,999,Asia,Pattern military several stay most remain necessary rest model society reason way.,8,128,Hazel
ORD1097,2024-12-28,Galaxy S25 Ultra,Samsung,2025,1299,North America,Figure alone example boy teacher particular right always expert.,16,1024,Burgundy
ORD1098,2025-08-13,Xiaomi 15 Pro,Xiaomi,2025,799,Oceania,Final per more million late line.,12,512,Yellow
ORD1099,2024-10-23,Pixel 10,Google,2025,799,Oceania,Building notice box again else scientist reality tough fire tough party structure.,8,512,Porcelain
ORD1100,2025-05-06,Motorola Edge 60,Motorola,2025,599,Oceania,Strategy large prepare week mission current east meet she.,6,64,Black
ORD1101,2024-03-20,iPhone 14,Apple,2022,599,Europe,Especially instead his they seek popular positive happen.,8,128,Titanium Black
ORD1102,2024-04-08,Galaxy S25,Samsung,2025,799,Europe,Region field maybe budget account rich herself also vote set network.,12,1024,Green
ORD1103,2024-02-11,Galaxy S25 Ultra,Samsung,2025,1299,Europe,Garden his catch ability design suggest give tend everybody population short.,8,256,Burgundy
ORD1104,2024-06-26,Honor Magic 6 Pro,Honor,2024,799,Asia,Old scientist class several kitchen exactly security.,12,128,Purple
ORD1105,2025-05-04,Oppo Reno 13,Oppo,2025,399,North America,Fill subject happy hospital rate those hot more north.,6,128,Green
ORD1106,2024-02-02,Huawei Mate Fold X5,Huawei,2025,1799,North America,Drug religious staff practice situation human network give career present necessary upon mention.,12,128,White
ORD1107,2025-01-14,Honor 400 Lite,Honor,2025,299,Asia,Certain station fish discuss mean safe contain house ability road whose stock phone.,6,128,Blue
ORD1108,2025-03-27,Oppo K12,Oppo,2024,249,Asia,Like even lead woman idea condition rich.,6,128,Green
ORD1109,2024-12-29,Realme C65,Realme,2024,199,Oceania,Significant commercial camera appear kind administration rise record great save.,4,128,Yellow
ORD1110,2024-10-01,Vivo X200,Vivo,2025,699,Europe,Fund final consider affect night four practice song former our old.,8,256,Orange
ORD1111,2024-08-06,Motorola Razr Ultra,Motorola,2025,999,Africa,Something wife water analysis station current try break occur detail more than or.,12,-128,N/A
ORD1112,2024-11-08,Honor 400 Lite,Honor,2025,299,South America,Above before exist later too season resource.,6,64,Purple
ORD1113,2025-04-10,Realme P4 Pro,Realme,2025,399,Asia,Increase cost your ground she travel start government town into Congress.,4,128,Yellow
ORD1114,2025-06-21,Xiaomi 14T Pro,Xiaomi,2024,649,Oceania,Behavior stuff indeed support both sport.,8,128,White
ORD1115,2025-07-31,Xiaomi 14T Pro,Xiaomi,2024,649,North America,Large tough ten source light white find imagine international leave color wonder.,8,256,White
ORD1116,2025-03-23,Oppo Reno 13 Pro,Oppo,2025,499,South America,Program ability room notice she hot nearly fire.,6,256,Black
ORD1117,2025-06-18,Motorola Edge 2025,Motorola,2025,549,South America,Story move suddenly important expect five.,8,128,Peach Fuzz
ORD1118,2024-02-14,Galaxy Z Flip7,Samsung,2025,999,Oceania,Husband take case bank office onto yes early here same.,16,512,Burgundy
ORD1119,2025-04-13,Xiaomi 14 Ultra,Xiaomi,2024,999,North America,Him top operation everything first that.,8,256,Blue
ORD1120,2025-04-30,Honor 400,Honor,2025,399,Europe,Rise near firm huge type election fine either.,6,128,Blue
ORD1121,2025-04-13,Pixel 9,Google,2024,799,North America,Her industry avoid six product condition environment change garden run energy small.,0,256,Porcelain
ORD1122,2025-07-25,Huawei Pura 70,Huawei,2024,799,North America,One history consumer or debate live usually tonight rule several fly cold under.,12,128,White
ORD1123,2025-03-15,Realme P3,Realme,2025,249,North America,Success catch together different within throughout full purpose as around.,6,64,Blue
ORD1124,2024-08-10,Oppo Reno 12 FS,Oppo,2024,349,Oceania,Next action outside live your probably.,6,128,Black
ORD1125,2025-05-28,,Google,2024,999,North America,Line feel size because stop prove television.,8,128,Porcelain
ORD1126,2024-01-09,Pixel 9 Pro XL,Google,2024,1099,North America,Language all already American service lay join final imagine student.,8,512,Hazel
ORD1127,2024-05-27,Vivo X200 Ultra,Vivo,2025,999,Europe,Give let similar yeah information happy.,8,128,Blue
ORD1128,2025-05-28,Oppo A3 Pro,Oppo,2024,299,Oceania,Outside already compare build into feel it mother service enough successful.,6,64,Green
ORD1129,2024-04-12,Honor 200 Pro,Honor,2024,599,South America,Open other five could large study we believe almost instead want form.,6,128,Blue
ORD1130,2025-08-29,Motorola Edge 60,Motorola,2025,599,North America,Gun ahead say soldier growth believe administration near painting bring.,8,128,Peach Fuzz
ORD1131,2024-10-11,Galaxy S25 FE,Samsung,2025,599,Oceania,East give garden amount they specific person off marriage pattern site they.,6,0,N/A
ORD1132,2025-05-10,Honor 200,Honor,2024,499,Europe,Student always recent significant stock along situation herself condition over relationship perhaps form.,6,128,Blue
ORD1133,2024-06-09,Galaxy S25 FE,Samsung,2025,599,South America,Own shake movie test population door son loss place become cup thought.,8,128,Phantom Black
ORD1134,2025-03-23,Motorola Razr 2025,Motorola,2025,699,Europe,Especially ten international nature poor mention director goal various college strong.,6,128,Black
ORD1135,2025-04-07,Honor Magic 7 Pro,Honor,2025,899,Africa,Hair amount hear page society poor sometimes.,12,512,Black
ORD1136,2024-07-24,Oppo K12,Oppo,2024,249,South America,Detail artist activity myself sport season.,6,128,Silver
ORD1137,2024-07-04,Pixel 9a,Google,2025,499,North America,This assume expert lead item sell him partner south player.,8,256,Porcelain
ORD1138,2024-10-03,Huawei Nova 13 Pro,Huawei,2025,499,Asia,Best success realize budget question action long last story.,6,256,Black
ORD1139,2024-03-29,Honor X9b,Honor,2024,349,North America,Would old too garden option real bit good federal bill.,6,-128,N/A
ORD1140,2024-01-03,Oppo Find N2 Flip,Oppo,2023,899,Europe,Establish protect individual tough pay similar.,12,128,Black
ORD1141,2024-11-03,Realme P4,Realme,2025,299,South America,Reveal our paper not key cup foreign rest professional prepare opportunity area girl.,4,128,Blue
ORD1142,2024-02-23,Pixel 10,Google,2025,799,Oceania,Use affect visit quality treat argue various.,12,512,Hazel
ORD1143,2024-06-12,Honor Magic 7 Pro,Honor,2025,899,Europe,Such western already condition throw live full behavior successful yourself citizen.,12,128,Blue
ORD1144,2024-12-03,Moto G Power 2025,Motorola,2025,299,Europe,Certainly fund capital staff put wide yet still building owner create.,-1,128,Black
ORD1145,2025-08-29,Oppo Reno 13,Oppo,2025,399,Africa,Drive will hear at ability above able computer consider.,6,128,Silver
ORD1146,2025-02-02,Galaxy S25 Ultra,Samsung,2025,1299,Oceania,Party dinner manager man number food site head summer end.,12,512,Phantom Silver
ORD1147,2025-07-26,Poco X7 Pro,Xiaomi,2025,499,North America,Customer room dream drive establish new my.,8,128,Black
ORD1148,2024-12-10,iPhone 15 Pro,Apple,2023,899,North America,Begin decide gun indicate window will hold center success process.,8,128,Titanium White
ORD1149,2024-05-17,Motorola Edge 60,Motorola,2025,599,Africa,Could article foreign across what house special.,8,128,Peach Fuzz
ORD1150,2024-12-26,Galaxy A56,Samsung,2025,449,South America,Laugh oil see bar majority daughter.,8,128,Burgundy
ORD1151,2025-07-13,Realme 14 Pro,Realme,2024,449,Oceania,Into statement own strategy together fear management kind drop subject operation exactly oil.,8,64,Yellow
ORD1152,2024-10-26,Pixel 9,Google,2024,-799,South America,Laugh gas different even or present TV approach live approach.,12,512,Hazel
ORD1153,2024-08-03,Galaxy S25 FE,Samsung,2025,599,Oceania,That everybody important administration full can month contain common foot behavior political policy.,6,256,Phantom Silver
ORD1154,2025-07-27,Xiaomi Mix Fold 4,Xiaomi,2024,1199,North America,Government will may win executive consider mouth experience guy generation director.,8,-128,
ORD1155,2024-07-14,Huawei Mate 70,Huawei,2025,799,Oceania,Since do five market conference enter development could.,8,512,Black
ORD1156,2024-06-24,Galaxy S25 FE,Samsung,2025,599,Europe,Later above relationship at recent ability people none something rest story part.,8,256,Green
ORD1157,2025-06-28,Oppo Find X8 Pro,Oppo,2025,999,South America,Lawyer six church team democratic necessary begin issue in compare health.,12,512,Black
ORD1158,2024-02-12,Moto G Power 2025,Motorola,2025,299,South America,Health many whether song team image dream itself main customer seven sound left.,6,64,Green
ORD1159,2025-04-15,Honor 200 Pro,Honor,2024,599,North America,Doctor physical adult can relate institution top century thousand scene opportunity staff arm.,8,64,Blue
ORD1160,2024-05-25,Vivo V40,Vivo,2024,499,Asia,Few picture base region create born.,6,-128,
ORD1161,2024-08-10,Vivo V40,Vivo,2024,499,North America,Never figure according themselves mother tax outside success.,8,128,Orange
ORD1162,2024-11-10,Oppo Reno 13,Oppo,2025,399,South America,Cell conference save bad security protect knowledge develop structure high democratic hair season.,6,128,Green
ORD1163,2024-09-12,Huawei Mate 70 Pro,Huawei,2025,999,Europe,City onto national democratic TV nor natural station here.,-1,256,Emerald Green
ORD1164,2024-03-26,Vivo iQOO Neo9,Vivo,2024,399,Europe,Prove back science order travel teacher air everybody whose month fly fund picture.,6,64,Orange
ORD1165,2024-03-23,Realme P4,Realme,2025,299,South America,Up apply total ahead occur rate miss.,4,128,Yellow
ORD1166,2025-03-27,Pixel 10,Google,2025,799,Africa,Style mission student leader treatment himself least.,8,512,Obsidian
ORD1167,2025-02-28,iPhone 16 Plus,Apple,2024,899,Europe,Rule arm property current idea kitchen its amount education ready method summer.,8,512,Desert Titanium
ORD1168,2025-02-01,Xiaomi 15 Pro,Xiaomi,2025,799,North America,Per member education among try test collection exactly despite important dream student.,12,128,Yellow
ORD1169,2025-02-27,Huawei Mate 70 Pro,Huawei,2025,999,Oceania,Each few much identify look wrong.,8,128,Black
ORD1170,2025-03-01,Vivo Y200,Vivo,2025,299,Asia,Site nature two on ahead miss this.,6,64,Blue
ORD1171,2024-09-20,Galaxy A56,Samsung,2025,449,Europe,Call want family imagine case partner food marriage night land benefit cup certainly.,6,128,Green
ORD1172,2025-05-08,Realme P4,Realme,2025,299,North America,Resource war reason guy goal hand cut price half Mr standard likely.,4,64,Black
ORD1173,2025-07-03,Motorola Edge 2025,Motorola,2025,549,South America,Dark reduce quickly always candidate their common threat some address happy offer.,6,256,Black
ORD1174,2024-06-09,Honor Magic 7,Honor,2025,699,Asia,Concern decade inside grow unit recently follow agree fine reveal mention.,8,128,Blue
ORD1175,2025-08-17,Huawei Nova 13 Pro,Huawei,2025,499,Asia,Thus camera various value interview site carry in themselves fill key.,6,256,Black
ORD1176,2025-07-02,Oppo A3 Pro,Oppo,2024,299,Africa,North turn base nice until specific decision only position production.,6,64,Black
ORD1177,2025-05-20,Huawei Pura 70 Ultra,Huawei,2024,1199,Africa,Study rich course small rate light join vote maintain despite.,12,512,Black
ORD1178,2024-07-11,Oppo K12,Oppo,2024,249,Oceania,Decide put exist think full it particularly party type group nothing information poor.,6,64,Green
ORD1179,2025-02-02,Oppo Reno 12 FS,Oppo,2024,349,South America,Need person especially away family interest move common pay necessary all personal rise.,6,128,Silver
ORD1180,2024-10-23,Oppo Find N2 Flip,Oppo,2023,-899,Oceania,Last partner enough staff floor weight wife tree plant.,12,256,Silver
ORD1181,2025-08-10,Oppo Reno 13 Pro,Oppo,2025,499,Africa,Against chance back agency central amount world way camera.,8,128,Silver
ORD1182,2024-03-04,Huawei Pura 70 Ultra,Huawei,2024,1199,North America,Attack more many maybe later although baby decision guy side.,8,256,Emerald Green
ORD1183,2024-07-08,Motorola Razr 2025,Motorola,2025,699,Asia,House determine sound open fill build goal spend most production.,6,64,Green
ORD1184,2024-01-08,Honor Magic 7 Pro,Honor,2025,899,Europe,Anyone type answer charge study whatever subject management.,12,512,Blue
ORD1185,2024-03-04,Honor Magic 6 Pro,Honor,2024,799,North America,Able common receive building garden matter trouble.,12,128,Blue
ORD1186,2025-02-17,Galaxy Z Flip7,Samsung,2025,999,Asia,Set agency technology someone require interview once western Mr direction wide community.,8,1024,Burgundy
ORD1187,2024-10-08,Vivo X Fold3,Vivo,2024,1199,South America,Without provide concern protect cold under box again whether share.,8,512,Orange
ORD1188,2024-07-06,Honor Magic 7 Pro,Honor,2025,899,Oceania,Drop final last claim season stop.,12,128,Blue
ORD1189,2024-04-01,Oppo Reno 12 FS,Oppo,2024,349,Europe,Minute buy game contain property free high office thank occur western child enter.,6,64,Silver
ORD1190,2025-03-13,iPhone 15,Apple,2023,699,Oceania,Truth whatever step already author major work young about hope majority.,8,256,Blue Titanium
ORD1191,2024-05-24,Redmi Note 14,Xiaomi,2025,299,Asia,Western how down partner need rate ten role relationship.,6,64,Yellow
ORD1192,2024-08-17,,Realme,2024,199,South America,Include industry agreement article politics play force year discover out participant whom.,6,64,Blue
ORD1193,2024-12-04,Realme 14 Pro,Realme,2024,449,Africa,Trip morning threat wrong return main deal seem.,8,64,Black
ORD1194,2024-12-29,Moto G85,Motorola,2025,349,Africa,Fire cell half raise local effort oil consumer resource religious remember.,4,64,Peach Fuzz
ORD1195,2024-05-04,Poco X7,Xiaomi,2025,399,Oceania,Ok focus forward report popular new develop.,6,64,Yellow
ORD1196,2025-04-21,Vivo V40,Vivo,2024,499,Africa,Send will pressure base father control vote TV which talk something.,6,256,Blue
ORD1197,2025-07-15,Motorola Edge 60 Pro,Motorola,2025,699,Africa,Those center reason difference impact another.,8,256,Black
ORD1198,2024-12-21,Galaxy Z Flip7,Samsung,2025,999,Africa,Girl up describe color couple force.,8,256,Phantom Silver
ORD1199,2025-08-29,Pixel 9 Pro XL,Google,2024,1099,North America,Fly southern save hundred poor kind surface environment alone often face morning.,12,128,Obsidian
